strain	taxonomyId	accession	isRef	level	chromosomeCount	length	scaffoldCount	scaffoldN50	scaffoldL50	coverage	gcPercent	annotationStatus	pairedAccession	species	speciesTaxonomyId	ucscBrowser	genBank	refSeq	geneModelUrl
H37Rv	83332	GCF_000195955.2	True	Complete Genome	1.0	4411532	1	4411532	1		65.5		GCA_000195955.2	Mycobacterium tuberculosis	1773	https://genome.ucsc.edu/h/GCF_000195955.2	GCA_000195955.2	GCF_000195955.2	
	36329	GCF_000002765.6	True	Complete Genome	14.0	23292622	14	1687656	5	100.0x	19.5	Full annotation	GCA_000002765.3	Plasmodium falciparum	5833	https://genome.ucsc.edu/h/GCF_000002765.6	GCA_000002765.3	GCF_000002765.6	https://hgdownload.soe.ucsc.edu/hubs/GCF/000/002/765/GCF_000002765.6/genes/GCF_000002765.6_GCA_000002765.ncbiRefSeq.gtf.gz
Friedlin	347515	GCF_000002725.2	True	Complete Genome	36.0	32855089	36	1091540	11		59.5	Full annotation	GCA_000002725.2	Leishmania major	5664	https://genome.ucsc.edu/h/GCF_000002725.2	GCA_000002725.2	GCF_000002725.2	https://hgdownload.soe.ucsc.edu/hubs/GCF/000/002/725/GCF_000002725.2/genes/GCF_000002725.2_ASM272v2.ncbiRefSeq.gtf.gz
17X	5861	GCF_900002385.2	True	Complete Genome	14.0	23043114	14	2046250	5	100.0x	21.5	Full annotation	GCA_900002385.2	Plasmodium yoelii	5861	https://genome.ucsc.edu/h/GCF_900002385.2	GCA_900002385.2	GCF_900002385.2	https://hgdownload.soe.ucsc.edu/hubs/GCF/900/002/385/GCF_900002385.2/genes/GCF_900002385.2_GCA_900002385.ncbiRefSeq.gtf.gz
Silveira	443226	GCF_018416015.2	True	Complete Genome	9.0	28193268	9	8079863	2	475.0x	46.5	Full annotation	GCA_018416015.2	Coccidioides posadasii	199306	https://genome.ucsc.edu/h/GCF_018416015.2	GCA_018416015.2	GCF_018416015.2	https://hgdownload.soe.ucsc.edu/hubs/GCF/018/416/015/GCF_018416015.2/genes/GCF_018416015.2_ASM1841601v2.ncbiRefSeq.gtf.gz
	54757	GCF_900681995.1	True	Chromosome	14.0	18338688	14	1692345	5	155.0x	23.0	Full annotation	GCA_900681995.1	Plasmodium vinckei	5860	https://genome.ucsc.edu/h/GCF_900681995.1	GCA_900681995.1	GCF_900681995.1	https://hgdownload.soe.ucsc.edu/hubs/GCF/900/681/995/GCF_900681995.1/genes/GCF_900681995.1_PVVCY_v1.ncbiRefSeq.gtf.gz
SC5314	237561	GCF_000182965.3	True	Chromosome	8.0	14282666	8	2231883	3	700.0x	33.5	Full annotation	GCA_000182965.3	Candida albicans	5476	https://genome.ucsc.edu/h/GCF_000182965.3	GCA_000182965.3	GCF_000182965.3	https://hgdownload.soe.ucsc.edu/hubs/GCF/000/182/965/GCF_000182965.3/genes/GCF_000182965.3_ASM18296v3.ncbiRefSeq.gtf.gz
JEC21	214684	GCF_000091045.1	True	Chromosome	14.0	19051922	14	1438950	6		48.5	Full annotation	GCA_000091045.1	Cryptococcus neoformans	5207	https://genome.ucsc.edu/h/GCF_000091045.1	GCA_000091045.1	GCF_000091045.1	https://hgdownload.soe.ucsc.edu/hubs/GCF/000/091/045/GCF_000091045.1/genes/GCF_000091045.1_ASM9104v1.ncbiRefSeq.gtf.gz
BPK282A1	5661	GCF_000227135.1	True	Chromosome	36.0	32444968	36	1024085	11		59.5	Full annotation	GCA_000227135.2	Leishmania donovani	5661	https://genome.ucsc.edu/h/GCF_000227135.1	GCA_000227135.2	GCF_000227135.1	https://hgdownload.soe.ucsc.edu/hubs/GCF/000/227/135/GCF_000227135.1/genes/GCF_000227135.1_ASM22713v2.ncbiRefSeq.gtf.gz
Af293	330879	GCF_000002655.1	True	Chromosome	8.0	29384958	8	3948441	4		50.0	Full annotation	GCA_000002655.1	Aspergillus fumigatus	746128	https://genome.ucsc.edu/h/GCF_000002655.1	GCA_000002655.1	GCF_000002655.1	https://hgdownload.soe.ucsc.edu/hubs/GCF/000/002/655/GCF_000002655.1/genes/GCF_000002655.1_ASM265v1.ncbiRefSeq.gtf.gz
ME49	508771	GCF_000006565.2	True	Chromosome	14.0	65633124	2276	4973582	6	26.5x	52.5		GCA_000006565.2	Toxoplasma gondii	5811	https://genome.ucsc.edu/h/GCF_000006565.2	GCA_000006565.2	GCF_000006565.2	https://hgdownload.soe.ucsc.edu/hubs/GCF/000/006/565/GCF_000006565.2/genes/GCF_000006565.2_TGA4.ncbiRefSeq.gtf.gz
	185431	GCF_000002445.2	True	Chromosome	11.0	26075494	12	2481190	4		46.5	Full annotation	GCA_000002445.1	Trypanosoma brucei	5691	https://genome.ucsc.edu/h/GCF_000002445.2	GCA_000002445.1	GCF_000002445.2	https://hgdownload.soe.ucsc.edu/hubs/GCF/000/002/445/GCF_000002445.2/genes/GCF_000002445.2_ASM244v1.ncbiRefSeq.gtf.gz
	7165	GCF_943734735.2	True	Chromosome	3.0	264451381	190	99149756	2	54.0x	44.5	Full annotation	GCA_943734735.2	Anopheles gambiae	7165	https://genome.ucsc.edu/h/GCF_943734735.2	GCA_943734735.2	GCF_943734735.2	https://hgdownload.soe.ucsc.edu/hubs/GCF/943/734/735/GCF_943734735.2/genes/GCF_943734735.2_idAnoGambNW_F1_1.ncbiRefSeq.gtf.gz
Salvador I	5855	GCF_000002415.2	True	Chromosome	14.0	27007701	2747	1678596	6		42.5	Full annotation	GCA_000002415.2	Plasmodium vivax	5855	https://genome.ucsc.edu/h/GCF_000002415.2	GCA_000002415.2	GCF_000002415.2	https://hgdownload.soe.ucsc.edu/hubs/GCF/000/002/415/GCF_000002415.2/genes/GCF_000002415.2_ASM241v2.ncbiRefSeq.gtf.gz
JHB	7176	GCF_015732765.1	True	Chromosome	3.0	573214445	56	201550677	2	76.0x	37.0	Full annotation	GCA_015732765.1	Culex quinquefasciatus	7176	https://genome.ucsc.edu/h/GCF_015732765.1	GCA_015732765.1	GCF_015732765.1	https://hgdownload.soe.ucsc.edu/hubs/GCF/015/732/765/GCF_015732765.1/genes/GCF_015732765.1_VPISU_Cqui_1.0_pri_paternal.ncbiRefSeq.gtf.gz
	42434	GCF_016801865.2	True	Chromosome	3.0	566339288	289	186194774	2	250.0x	37.0	Full annotation	GCA_016801865.2	Culex pipiens	7175	https://genome.ucsc.edu/h/GCF_016801865.2	GCA_016801865.2	GCF_016801865.2	https://hgdownload.soe.ucsc.edu/hubs/GCF/016/801/865/GCF_016801865.2/genes/GCF_016801865.2_TS_CPP_V2.ncbiRefSeq.gtf.gz
MHOM/BR/75/M2904	420245	GCF_000002845.2	True	Chromosome	35.0	32068771	138	992961	11		58.0		GCA_000002845.2	Leishmania braziliensis	5660	https://genome.ucsc.edu/h/GCF_000002845.2	GCA_000002845.2	GCF_000002845.2	https://hgdownload.soe.ucsc.edu/hubs/GCF/000/002/845/GCF_000002845.2/genes/GCF_000002845.2_ASM284v2.ncbiRefSeq.gtf.gz
CL Brener	5693	GCF_000209065.1	True	Scaffold		89937456	29495	88624	212		51.5	Full annotation	GCA_000209065.1	Trypanosoma cruzi	5693	https://genome.ucsc.edu/h/GCF_000209065.1	GCA_000209065.1	GCF_000209065.1	https://hgdownload.soe.ucsc.edu/hubs/GCF/000/209/065/GCF_000209065.1/genes/GCF_000209065.1_ASM20906v1.ncbiRefSeq.gtf.gz
RS	246410	GCF_000149335.2	True	Scaffold		28947925	6	4323945	3		46.0	Full annotation	GCA_000149335.2	Coccidioides immitis	5501	https://genome.ucsc.edu/h/GCF_000149335.2	GCA_000149335.2	GCF_000149335.2	https://hgdownload.soe.ucsc.edu/hubs/GCF/000/149/335/GCF_000149335.2/genes/GCF_000149335.2_ASM14933v2.ncbiRefSeq.gtf.gz
	2697049	GCF_009858895.2	False	Complete Genome	1.0	29903	1	29903	1		38.0		GCA_009858895.3	Severe acute respiratory syndrome-related coronavirus	694009	https://genome.ucsc.edu/h/GCF_009858895.2	GCA_009858895.3	GCF_009858895.2	
Zaire-96-I-16	10244	GCF_000857045.1	False	Complete Genome	1.0	196858	1	196858	1		33.0		GCA_000857045.1	Monkeypox virus	10244	https://genome.ucsc.edu/h/GCF_000857045.1	GCA_000857045.1	GCF_000857045.1	
H99	235443	GCA_000149245.3	False	Chromosome	14.0	18891193	14	1422463	6	11.8x	48.0		GCF_000149245.1	Cryptococcus neoformans	5207	https://genome.ucsc.edu/h/GCF_000149245.1	GCA_000149245.3	GCF_000149245.1	
	5855	GCA_900093555.2	False	Chromosome	16.0	29040213	242	1761288	6	100.0x	40.0			Plasmodium vivax	5855	https://genome.ucsc.edu/h/GCA_900093555.2	GCA_900093555.2		https://hgdownload.soe.ucsc.edu/hubs/GCA/900/093/555/GCA_900093555.2/genes/GCA_900093555.2_GCA_900093555.augustus.gtf.gz
Silveira	443226	GCA_000170175.2	False	Scaffold		27583241	54	1220107	8	5.0x	46.5			Coccidioides posadasii	199306	https://genome.ucsc.edu/h/GCA_000170175.2	GCA_000170175.2		https://hgdownload.soe.ucsc.edu/hubs/GCA/000/170/175/GCA_000170175.2/genes/GCA_000170175.2_CPS2.augustus.gtf.gz
PEST	180454	GCF_000005575.2	False	Chromosome	6.0	265011681	8144	12309988	9		44.5	Full annotation	GCA_000005575.1	Anopheles gambiae	7165	https://genome.ucsc.edu/h/GCF_000005575.2	GCA_000005575.1	GCF_000005575.2	https://hgdownload.soe.ucsc.edu/hubs/GCF/000/005/575/GCF_000005575.2/genes/GCF_000005575.2_AgamP3.ncbiRefSeq.gtf.gz
